<?xml version="1.0"?>
<CONFIG Version="0.9">
        <TOPIC Title="Preprocessing" Enabled="True" ShowQuery="True">
		<SUBTOPIC Title="Merge Log Files" Enabled="True">
			<QUERY>
				<QUERYSTRING>SELECT date, time, c-ip, cs-uri-stem, cs-uri-query, sc-status, sc-win32-status, time-taken FROM %IN% TO %OUT%</QUERYSTRING>
				<INPUT>u_ex*.log</INPUT>
				<INPUTTYPE>W3C</INPUTTYPE>
				<OUTPUT>MERGED_LOG.log</OUTPUT>
				<OUTPUTTYPE>W3C</OUTPUTTYPE>
				<OPTIONS></OPTIONS>
			</QUERY>
		</SUBTOPIC>
	</TOPIC>
        <TOPIC Title="Processed Requests Review" Enabled="True" ShowQuery="True">
		<SUBTOPIC Title="Total Requests Count" Enabled="True">
			<QUERY>
				<QUERYSTRING>SELECT COUNT(*) AS Hits FROM %IN% TO %OUT%</QUERYSTRING>
				<INPUT>MERGED_LOG.log</INPUT>
				<INPUTTYPE>W3C</INPUTTYPE>
				<OUTPUT>IISHC_TotalRequestsCount.csv</OUTPUT>
				<OUTPUTTYPE>CSV</OUTPUTTYPE>
				<OPTIONS></OPTIONS>
			</QUERY>
		</SUBTOPIC>
		<SUBTOPIC Title="Total Distinct Client IP Count" Enabled="True">
			<QUERY>
				<QUERYSTRING>SELECT COUNT(DISTINCT c-ip) AS Counts FROM %IN% TO %OUT%</QUERYSTRING>
				<INPUT>MERGED_LOG.log</INPUT>
				<INPUTTYPE>W3C</INPUTTYPE>
				<OUTPUT>IISHC_TotalDistinctClientIP.csv</OUTPUT>
				<OUTPUTTYPE>CSV</OUTPUTTYPE>
				<OPTIONS></OPTIONS>
			</QUERY>
		</SUBTOPIC>
		<SUBTOPIC Title="Top 20 Hits" Enabled="True">
			<QUERY>
				<QUERYSTRING>SELECT TOP 20 cs-uri-stem AS URL, COUNT(cs-uri-stem) AS Hits, MAX(time-taken) as Max, MIN(time-taken) as Min, AVG(time-taken) as Avg INTO %OUT% FROM %IN% GROUP BY cs-uri-stem ORDER BY Hits DESC</QUERYSTRING>
				<INPUT>MERGED_LOG.log</INPUT>
				<INPUTTYPE>W3C</INPUTTYPE>
				<OUTPUT>IISHC_Top20Hits.csv</OUTPUT>
				<OUTPUTTYPE>CSV</OUTPUTTYPE>
				<OPTIONS></OPTIONS>
			</QUERY>
		</SUBTOPIC>
		<SUBTOPIC Title="Top 20 Hits Chart" Enabled="True">
			<QUERY>
				<QUERYSTRING>SELECT TOP 20 cs-uri-stem, COUNT(*) AS Hits INTO %OUT% FROM %IN% GROUP BY cs-uri-stem ORDER BY Hits DESC</QUERYSTRING>
				<INPUT>MERGED_LOG.log</INPUT>
				<INPUTTYPE>W3C</INPUTTYPE>
				<OUTPUT>IISHC_Top20Hits.gif</OUTPUT>
				<OUTPUTTYPE>CHART</OUTPUTTYPE>
				<OPTIONS>-charttype:ColumnClustered -groupsize:640x480 -chartTitle:"Top 20 Hits"</OPTIONS>
			</QUERY>
		</SUBTOPIC>
		<SUBTOPIC Title="Top 20 ASP Hits" Enabled="True">
			<QUERY>
				<QUERYSTRING>SELECT TOP 20 cs-uri-stem AS URL, COUNT(cs-uri-stem) AS Hits, MAX(time-taken) as Max, MIN(time-taken) as Min, AVG(time-taken) as Avg INTO %OUT% FROM %IN% WHERE cs-uri-stem LIKE '%%.asp' GROUP BY cs-uri-stem ORDER BY Hits DESC</QUERYSTRING>
				<INPUT>MERGED_LOG.log</INPUT>
				<INPUTTYPE>W3C</INPUTTYPE>
				<OUTPUT>IISHC_Top20ASPHits.csv</OUTPUT>
				<OUTPUTTYPE>CSV</OUTPUTTYPE>
				<OPTIONS></OPTIONS>
			</QUERY>
		</SUBTOPIC>
		<SUBTOPIC Title="Top 20 ASP Hits Chart" Enabled="True">
			<QUERY>
				<QUERYSTRING>SELECT TOP 20 cs-uri-stem, COUNT(*) AS Hits INTO %OUT% FROM %IN% WHERE cs-uri-stem LIKE '%%.asp' GROUP BY cs-uri-stem ORDER BY Hits DESC</QUERYSTRING>
				<INPUT>MERGED_LOG.log</INPUT>
				<INPUTTYPE>W3C</INPUTTYPE>
				<OUTPUT>IISHC_Top20ASPHits.gif</OUTPUT>
				<OUTPUTTYPE>CHART</OUTPUTTYPE>
				<OPTIONS>-charttype:ColumnClustered -groupsize:640x480 -chartTitle:"Top 20 ASP Hits"</OPTIONS>
			</QUERY>
		</SUBTOPIC>
		<SUBTOPIC Title="Top 20 ASPX Hits" Enabled="True">
			<QUERY>
				<QUERYSTRING>SELECT TOP 20 cs-uri-stem AS URL, COUNT(cs-uri-stem) AS Hits, MAX(time-taken) as Max, MIN(time-taken) as Min, AVG(time-taken) as Avg INTO %OUT% FROM %IN% WHERE cs-uri-stem LIKE '%%.aspx' GROUP BY cs-uri-stem ORDER BY Hits DESC</QUERYSTRING>
				<INPUT>MERGED_LOG.log</INPUT>
				<INPUTTYPE>W3C</INPUTTYPE>
				<OUTPUT>IISHC_Top20ASPXHits.csv</OUTPUT>
				<OUTPUTTYPE>CSV</OUTPUTTYPE>
				<OPTIONS></OPTIONS>
			</QUERY>
		</SUBTOPIC>
		<SUBTOPIC Title="Top 20 ASPX Hits Chart" Enabled="True">
			<QUERY>
				<QUERYSTRING>SELECT TOP 20 cs-uri-stem, COUNT(*) AS Hits INTO %OUT% FROM %IN% WHERE cs-uri-stem LIKE '%%.aspx' GROUP BY cs-uri-stem ORDER BY Hits DESC</QUERYSTRING>
				<INPUT>MERGED_LOG.log</INPUT>
				<INPUTTYPE>W3C</INPUTTYPE>
				<OUTPUT>IISHC_Top20ASPXHits.gif</OUTPUT>
				<OUTPUTTYPE>CHART</OUTPUTTYPE>
				<OPTIONS>-charttype:ColumnClustered -groupsize:640x480 -chartTitle:"Top 20 ASPX Hits"</OPTIONS>
			</QUERY>
		</SUBTOPIC>
		<SUBTOPIC Title="Top 20 ASMX Hits" Enabled="True">
			<QUERY>
				<QUERYSTRING>SELECT TOP 20 cs-uri-stem AS URL, COUNT(cs-uri-stem) AS Hits, MAX(time-taken) as Max, MIN(time-taken) as Min, AVG(time-taken) as Avg INTO %OUT% FROM %IN% WHERE cs-uri-stem LIKE '%%.asmx' GROUP BY cs-uri-stem ORDER BY Hits DESC</QUERYSTRING>
				<INPUT>MERGED_LOG.log</INPUT>
				<INPUTTYPE>W3C</INPUTTYPE>
				<OUTPUT>IISHC_Top20ASMXHits.csv</OUTPUT>
				<OUTPUTTYPE>CSV</OUTPUTTYPE>
				<OPTIONS></OPTIONS>
			</QUERY>
		</SUBTOPIC>
		<SUBTOPIC Title="Top 20 ASMX Hits Chart" Enabled="True">
			<QUERY>
				<QUERYSTRING>SELECT TOP 20 cs-uri-stem, COUNT(*) AS Hits INTO %OUT% FROM %IN% WHERE cs-uri-stem LIKE '%%.asmx' GROUP BY cs-uri-stem ORDER BY Hits DESC</QUERYSTRING>
				<INPUT>MERGED_LOG.log</INPUT>
				<INPUTTYPE>W3C</INPUTTYPE>
				<OUTPUT>IISHC_Top20ASMXHits.gif</OUTPUT>
				<OUTPUTTYPE>CHART</OUTPUTTYPE>
				<OPTIONS>-charttype:ColumnClustered -groupsize:640x480 -chartTitle:"Top 20 ASMX Hits"</OPTIONS>
			</QUERY>
		</SUBTOPIC>
		<SUBTOPIC Title="Top 20 Client IP Addresses" Enabled="True">
			<QUERY>
				<QUERYSTRING>SELECT TOP 20 c-ip, COUNT(*) AS Hits INTO %OUT% FROM %IN% GROUP BY c-ip ORDER BY Hits DESC</QUERYSTRING>
				<INPUT>MERGED_LOG.log</INPUT>
				<INPUTTYPE>W3C</INPUTTYPE>
				<OUTPUT>IISHC_Top20ClientIP.csv</OUTPUT>
				<OUTPUTTYPE>CSV</OUTPUTTYPE>
				<OPTIONS></OPTIONS>
			</QUERY>
		</SUBTOPIC>
		<SUBTOPIC Title="Top 20 Client IP Addresses Chart" Enabled="True">
			<QUERY>
				<QUERYSTRING>SELECT TOP 20 c-ip, COUNT(*) AS Hits INTO %OUT% FROM %IN% GROUP BY c-ip ORDER BY Hits DESC</QUERYSTRING>
				<INPUT>MERGED_LOG.log</INPUT>
				<INPUTTYPE>W3C</INPUTTYPE>
				<OUTPUT>IISHC_Top20ClientIP.gif</OUTPUT>
				<OUTPUTTYPE>CHART</OUTPUTTYPE>
				<OPTIONS>-charttype:ColumnClustered -groupsize:640x480 -chartTitle:"Top 20 Client IP Addresses"</OPTIONS>
			</QUERY>
		</SUBTOPIC>
		<SUBTOPIC Title="Requests Per Hour" Enabled="True">
			<QUERY>
				<QUERYSTRING>SELECT TO_LOCALTIME(QUANTIZE(TO_TIMESTAMP(date, time),3600)) AS Hours, COUNT(*) AS Hits INTO %OUT% FROM %IN% GROUP BY Hours ORDER BY Hours</QUERYSTRING>
				<INPUT>MERGED_LOG.log</INPUT>
				<INPUTTYPE>W3C</INPUTTYPE>
				<OUTPUT>IISHC_RequestsPerHour.gif</OUTPUT>
				<OUTPUTTYPE>CHART</OUTPUTTYPE>
				<OPTIONS>-charttype:ColumnClustered -groupsize:640x480 -chartTitle:"Requests Per Hour"</OPTIONS>
			</QUERY>
		</SUBTOPIC>
		<SUBTOPIC Title="Requests Per Second" Enabled="False">
			<QUERY>
				<QUERYSTRING>SELECT TO_LOCALTIME(QUANTIZE(TO_TIMESTAMP(date, time),1)) AS Hours, COUNT(*) AS Hits INTO %OUT% FROM %IN% GROUP BY Hours ORDER BY Hours</QUERYSTRING>
				<INPUT>MERGED_LOG.log</INPUT>
				<INPUTTYPE>W3C</INPUTTYPE>
				<OUTPUT>IISHC_RequestsPerSecond.gif</OUTPUT>
				<OUTPUTTYPE>CHART</OUTPUTTYPE>
				<OPTIONS>-charttype:ColumnClustered -groupsize:640x480 -chartTitle:"Requests Per Second"</OPTIONS>
			</QUERY>
		</SUBTOPIC>
		<SUBTOPIC Title="Outbound Bytes Per Hour" Enabled="False">
			<QUERY>
				<QUERYSTRING>SELECT TO_LOCALTIME(QUANTIZE(TO_TIMESTAMP(date, time),3600)) AS Hours, TO_INT(SUM(TO_REAL(sc-bytes))) AS Bytes INTO %OUT% FROM %IN% GROUP BY Hours ORDER BY Hours</QUERYSTRING>
				<INPUT>MERGED_LOG.log</INPUT>
				<INPUTTYPE>W3C</INPUTTYPE>
				<OUTPUT>IISHC_OutboundBytesPerHour.gif</OUTPUT>
				<OUTPUTTYPE>CHART</OUTPUTTYPE>
				<OPTIONS>-charttype:ColumnClustered -groupsize:640x480 -chartTitle:"Outbound Bytes Per Hour"</OPTIONS>
			</QUERY>
		</SUBTOPIC>
		<SUBTOPIC Title="Outbound Bytes Per Second" Enabled="False">
			<QUERY>
				<QUERYSTRING>SELECT TO_LOCALTIME(QUANTIZE(TO_TIMESTAMP(date, time),1)) AS Hours, TO_INT(SUM(TO_REAL(sc-bytes))) AS Bytes INTO %OUT% FROM %IN% GROUP BY Hours ORDER BY Hours</QUERYSTRING>
				<INPUT>MERGED_LOG.log</INPUT>
				<INPUTTYPE>W3C</INPUTTYPE>
				<OUTPUT>IISHC_OutboundBytesPerSecond.gif</OUTPUT>
				<OUTPUTTYPE>CHART</OUTPUTTYPE>
				<OPTIONS>-charttype:ColumnClustered -groupsize:640x480 -chartTitle:"Outbound Bytes Per Second"</OPTIONS>
			</QUERY>
		</SUBTOPIC>
		<SUBTOPIC Title="Distinct Client IP Addresses Per Hour (Users Per Hour)" Enabled="True">
			<QUERY>
				<QUERYSTRING>SELECT TO_LOCALTIME(QUANTIZE(TO_TIMESTAMP(date, time),3600)) AS Hours, c-ip AS CIP INTO %OUT% FROM %IN% GROUP BY Hours, CIP</QUERYSTRING>
				<INPUT>MERGED_LOG.log</INPUT>
				<INPUTTYPE>W3C</INPUTTYPE>
				<OUTPUT>IISHC_DistinctClientIPPerHour.csv</OUTPUT>
				<OUTPUTTYPE>CSV</OUTPUTTYPE>
				<OPTIONS></OPTIONS>
			</QUERY>
			<QUERY>
				<QUERYSTRING>SELECT Hours, COUNT(*) as Counts FROM %IN% to %OUT% GROUP BY Hours ORDER BY Hours</QUERYSTRING>
				<INPUT>IISHC_DistinctClientIPPerHour.csv</INPUT>
				<INPUTTYPE>CSV</INPUTTYPE>
				<OUTPUT>IISHC_DistinctClientIPPerHour.gif</OUTPUT>
				<OUTPUTTYPE>CHART</OUTPUTTYPE>
				<OPTIONS>-charttype:ColumnClustered -groupsize:640x480 -chartTitle:"Distinct Client IP Addresses Per Hour (Users Per Hour)"</OPTIONS>
			</QUERY>
		</SUBTOPIC>
		<SUBTOPIC Title="Distinct Client IP Addresses Per Second (Users Per Second)" Enabled="False">
			<QUERY>
				<QUERYSTRING>SELECT TO_LOCALTIME(QUANTIZE(TO_TIMESTAMP(date, time),1)) AS Hours, c-ip AS CIP INTO %OUT% FROM %IN% GROUP BY Hours, CIP</QUERYSTRING>
				<INPUT>MERGED_LOG.log</INPUT>
				<INPUTTYPE>W3C</INPUTTYPE>
				<OUTPUT>IISHC_DistinctClientIPPerSecond.csv</OUTPUT>
				<OUTPUTTYPE>CSV</OUTPUTTYPE>
				<OPTIONS></OPTIONS>
			</QUERY>
			<QUERY>
				<QUERYSTRING>SELECT Hours, COUNT(*) as Counts FROM %IN% to %OUT% GROUP BY Hours ORDER BY Hours</QUERYSTRING>
				<INPUT>IISHC_DistinctClientIPPerSecond.csv</INPUT>
				<INPUTTYPE>CSV</INPUTTYPE>
				<OUTPUT>IISHC_DistinctClientIPPerSecond.gif</OUTPUT>
				<OUTPUTTYPE>CHART</OUTPUTTYPE>
				<OPTIONS>-charttype:ColumnClustered -groupsize:640x480 -chartTitle:"Distinct Client IP Addresses Per Second (Users Per Second)"</OPTIONS>
			</QUERY>
		</SUBTOPIC>
	</TOPIC>
	<TOPIC Title="Error Statistics" Enabled="True" ShowQuery="True">
		<SUBTOPIC Title="HTTP Status Counts" Enabled="True">
			<QUERY>
				<QUERYSTRING>SELECT DISTINCT sc-status AS Status, COUNT(*) AS Hits INTO %OUT% FROM %IN% GROUP BY Status ORDER BY Status ASC</QUERYSTRING>
				<INPUT>MERGED_LOG.log</INPUT>
				<INPUTTYPE>W3C</INPUTTYPE>
				<OUTPUT>IISHC_HTTPStatusCounts.csv</OUTPUT>
				<OUTPUTTYPE>CSV</OUTPUTTYPE>
				<OPTIONS></OPTIONS>
			</QUERY>
		</SUBTOPIC>
		<SUBTOPIC Title="HTTP Status Distribution" Enabled="True">
			<QUERY>
				<QUERYSTRING>SELECT DISTINCT sc-status AS Status, COUNT(*) AS Percent INTO %OUT% FROM %IN% GROUP BY Status ORDER BY Percent DESC</QUERYSTRING>
				<INPUT>MERGED_LOG.log</INPUT>
				<INPUTTYPE>W3C</INPUTTYPE>
				<OUTPUT>IISHC_HTTPStatusDistribution.gif</OUTPUT>
				<OUTPUTTYPE>CHART</OUTPUTTYPE>
				<OPTIONS>-chartType:PieExploded -chartTitle:"HTTP Status Distribution"</OPTIONS>
			</QUERY>
		</SUBTOPIC>
		<SUBTOPIC Title="HTTP 404 Errors Per Hour" Enabled="True">
			<QUERY>
				<QUERYSTRING>SELECT TO_LOCALTIME(QUANTIZE(TO_TIMESTAMP(date, time),3600)) AS Hours, COUNT(*) AS Errors INTO %OUT% FROM %IN% WHERE sc-status = 404 GROUP BY Hours ORDER BY Hours</QUERYSTRING>
				<INPUT>MERGED_LOG.log</INPUT>
				<INPUTTYPE>W3C</INPUTTYPE>
				<OUTPUT>IISHC_HTTP404ErrorsPerHour.gif</OUTPUT>
				<OUTPUTTYPE>CHART</OUTPUTTYPE>
				<OPTIONS>-charttype:ColumnClustered -groupsize:640x480 -chartTitle:"HTTP 404 Errors Per Hour"</OPTIONS>
			</QUERY>
		</SUBTOPIC>
		<SUBTOPIC Title="Top 20 HTTP 404 Errors" Enabled="True">
			<QUERY>
				<QUERYSTRING>SELECT TOP 20 cs-uri-stem, COUNT(*) AS Hits INTO %OUT% FROM %IN% WHERE sc-status = 404 GROUP BY cs-uri-stem ORDER BY Hits DESC</QUERYSTRING>
				<INPUT>MERGED_LOG.log</INPUT>
				<INPUTTYPE>W3C</INPUTTYPE>
				<OUTPUT>IISHC_Top20HTTP404Errors.csv</OUTPUT>
				<OUTPUTTYPE>CSV</OUTPUTTYPE>
				<OPTIONS></OPTIONS>
			</QUERY>
		</SUBTOPIC>
		<SUBTOPIC Title="HTTP 500 Errors Per Hour" Enabled="True">
			<QUERY>
				<QUERYSTRING>SELECT TO_LOCALTIME(QUANTIZE(TO_TIMESTAMP(date, time),3600)) AS Hours, COUNT(*) AS Errors INTO %OUT% FROM %IN% WHERE sc-status = 500 GROUP BY Hours ORDER BY Hours</QUERYSTRING>
				<INPUT>MERGED_LOG.log</INPUT>
				<INPUTTYPE>W3C</INPUTTYPE>
				<OUTPUT>IISHC_HTTP500ErrorsPerHour.gif</OUTPUT>
				<OUTPUTTYPE>CHART</OUTPUTTYPE>
				<OPTIONS>-charttype:ColumnClustered -groupsize:640x480 -chartTitle:"HTTP 500 Errors Per Hour"</OPTIONS>
			</QUERY>
		</SUBTOPIC>
		<SUBTOPIC Title="Top 20 HTTP 500 Errors" Enabled="True">
			<QUERY>
				<QUERYSTRING>SELECT TOP 20 cs-uri-stem, COUNT(*) AS Hits INTO %OUT% FROM %IN% WHERE sc-status = 500 GROUP BY cs-uri-stem ORDER BY Hits DESC</QUERYSTRING>
				<INPUT>MERGED_LOG.log</INPUT>
				<INPUTTYPE>W3C</INPUTTYPE>
				<OUTPUT>IISHC_Top20HTTP500Errors.csv</OUTPUT>
				<OUTPUTTYPE>CSV</OUTPUTTYPE>
				<OPTIONS></OPTIONS>
			</QUERY>
		</SUBTOPIC>
	</TOPIC>
	<TOPIC Title="Time Taken Review" Enabled="True" ShowQuery="True">
		<SUBTOPIC Title="Top 20 Average Longest Processing Requests" Enabled="True">
			<QUERY>
				<QUERYSTRING>SELECT TOP 20 cs-uri-stem AS URL, COUNT(cs-uri-stem) AS Hits, MAX(time-taken) as Max, MIN(time-taken) as Min, AVG(time-taken) as Avg INTO %OUT% FROM %IN% GROUP BY URL ORDER BY AVG(time-taken) DESC</QUERYSTRING>
				<INPUT>MERGED_LOG.log</INPUT>
				<INPUTTYPE>W3C</INPUTTYPE>
				<OUTPUT>IISHC_Top20AvgLongestProcRequests.csv</OUTPUT>
				<OUTPUTTYPE>CSV</OUTPUTTYPE>
				<OPTIONS></OPTIONS>
			</QUERY>
		</SUBTOPIC>
		<SUBTOPIC Title="Top 20 Longest Processing Requests" Enabled="False">
			<QUERY>
				<QUERYSTRING>SELECT TOP 20 cs-uri-stem AS URL, date AS Date, time AS Time, sc-status, time-taken INTO %OUT% FROM %IN% ORDER BY time-taken DESC</QUERYSTRING>
				<INPUT>MERGED_LOG.log</INPUT>
				<INPUTTYPE>W3C</INPUTTYPE>
				<OUTPUT>IISHC_Top20LongestProcRequests.csv</OUTPUT>
				<OUTPUTTYPE>CSV</OUTPUTTYPE>
				<OPTIONS></OPTIONS>
			</QUERY>
		</SUBTOPIC>
		<SUBTOPIC Title="Average/Max Processing Time Per Hour" Enabled="True">
			<QUERY>
				<QUERYSTRING>SELECT TO_LOCALTIME(QUANTIZE(TO_TIMESTAMP(date, time),3600)) AS Hours, AVG(time-taken) AS Avg, MAX(time-taken) AS Max INTO %OUT% FROM %IN% WHERE sc-status = 200 GROUP BY Hours ORDER BY Hours</QUERYSTRING>
				<INPUT>MERGED_LOG.log</INPUT>
				<INPUTTYPE>W3C</INPUTTYPE>
				<OUTPUT>IISHC_AvgMaxProcTimePerHour.gif</OUTPUT>
				<OUTPUTTYPE>CHART</OUTPUTTYPE>
				<OPTIONS>-charttype:Line -groupsize:640x480 -chartTitle:"Average/Max Processing Time Per Hour (ms)"</OPTIONS>
			</QUERY>
		</SUBTOPIC>
		<SUBTOPIC Title="Processing Time Per Extension" Enabled="True">
			<QUERY>
				<QUERYSTRING>SELECT EXTRACT_EXTENSION(cs-uri-stem) AS Extension, MUL(PROPSUM(time-taken),100.0) AS ProcessingTime INTO %OUT% FROM %IN% GROUP BY Extension ORDER BY ProcessingTime DESC</QUERYSTRING>
				<INPUT>MERGED_LOG.log</INPUT>
				<INPUTTYPE>W3C</INPUTTYPE>
				<OUTPUT>IISHC_ProcTimePerExt.gif</OUTPUT>
				<OUTPUTTYPE>CHART</OUTPUTTYPE>
				<OPTIONS>-charttype:PieExploded -groupsize:640x480 -chartTitle:"Processing Time Per Extension" -categories:off</OPTIONS>
			</QUERY>
		</SUBTOPIC>
	</TOPIC>
</CONFIG>
